chi2,p_value,df
2.582766439909297,0.46051882591757753,3
